id,name,popularity,explicit,duration_ms,album_name,album_release_date,artist_names,artist_ids,lyrics
1HM5mbodCYaczHWdletTEe,Why Fall Is The Best Time To Visit Brandenburg,46,False,150304,Why Fall Is The Best Time To Visit Brandenburg,2023-10-27,Crandon Park,4LRsoQvvdoj9acCuulz9ah,
4vrdOhjZfvm6PSFo20SC4p,Touched By The Sun - Rusch & Elusive's Chill Out Mix,35,False,320306,Armada Lounge,2008-05-19,"Envio, Rusch, Elusive","6nfPOyl2nGdmrYOMvdXkmx, 1mjiNQd49GzBH3v3TmGWj6, 3kjgEr9sy3YJSol3iKkiUh",
0IdaAvLilaPpPp4IDOpUud,Second Chance,36,False,270996,Second Chance,2024-01-08,"Jody Wisternoff, James Grant","5gTVJRQmuS88nOhhdHqErL, 45fFrwMq6sPP5P4k1qqFi7",
5LrwK0Zhw5TTsdrx9y0yVX,Fragile - Ambienced,19,False,254776,Fragile,2020-08-26,"Marco Torrance, Natasha Jaffe","1VmFMvivwnEAn9zgLpoMO7, 3vZgasABeCRGdeSId2y34K",
1qr6Mpgnf8QRNWIy8KPJGA,Introducing - Pt.3,41,False,150857,Introducing (Pt.3),2025-01-31,Chill Advisor,2POmRsS3AGB7NAbw5QBqHj,
1siMDuUaY2tcBrBBPnyjU9,The Sleepless Year - Beatless Mix,26,False,235476,The Sleepless Year / Freefall (Beatless Mixes),2025-03-21,Chicane,5GxyeQagayzZOg4UwffQlD,
3Q6Cvq1CCuReYxcjz2M5yi,Anywhere (Road Trippin') - Unplugged,30,False,232500,Beautiful World Field Notes: Unplugged,2024-05-22,anamē,3sZvCZHU2V2idOYyUl3fBi,
01OKRT4NrpRXLOnyOtJw54,Jaded - Ambient Mix,36,False,250730,Jaded,2024-11-08,deadmau5,2CIMQHirSU0MQqyYHq0eOx,
5WpO7vNZqvTaPTaMkZoBSf,Sundown,22,False,232965,In Search of Sunrise 16,2020-08-07,Giuseppe Ottaviani,5B9q1NRokzWYB7nSgnlHyv,
4xF4ZBGPZKxECeDFrqSAG4,snowfall,84,False,124065,snowfall,2022-01-14,"Øneheart, reidenshi","0dgJbQ0bKPyUXco8hEXN7X, 6SdlxyPsQ3B0yYncFmDULP",
4fxEqiKRAEiPl7J00KasC7,Under The Stars - Malibu Remix,10,False,219450,In Another Lifetime (Remixed),2022-07-29,"Tinlicker, Malibu","5EmEZjq8eHEC6qFnT63Lza, 3gfV2LBMvIE9gjpvowt11B",
3O3juy3lSFCx8WdFYtMhk1,Time,38,False,236394,Time,2024-07-12,"Crandon Park, Zazenkai","4LRsoQvvdoj9acCuulz9ah, 53SJovBw6wYRNkrqfccLLh",
4305MdckRIF9drCwAGwQJc,In Peace - Chill Mix,20,False,410303,Summer Chills,2020-07-31,Cold Blue,3mbjJqO86kx786znlhmTrF,
1R04fecdMdVyKvWSp74Cmg,i don't belong,46,False,115077,i don't belong,2024-01-05,"my head is empty, Antent, Miranda Rain","7pxIYxdkx2675ZGKSAPBAy, 6ovctVkv7d2fBdilDRYfDW, 5zb0UmoGI37fw1JM6t6x9c","2 Contributors​i don’t belong Lyrics
I don't belong
I don't belong

I don't belong
I don't belong"
09zG02ftOSVOketL6oui0c,Where Oceans Meet (Part III) - Edit,36,False,269753,Altered State,2019-12-13,"The Thrillseekers, Hydra","1RYDKWzJnJtbTPYNsDswD5, 40hrrmQKZYEN0ipPy6h8pU",
4NRfaTsTlt0GQpKO90I5CV,Airwave - Sunset Mix,20,False,293913,Airwave,2000-01-01,Rank 1,1eQe86RbDKRIiGZk08r9YJ,
7yuNpDNAMvdSrxhcdpiilw,Fears - Acoustic,12,False,201748,Watch The World (Acoustic Versions),2016-04-01,"Markus Schulz, Kyau & Albert","6OO0PboZcIWUWL7j2IyeoL, 0pyi4vNCq5T6GgV1rt7ncc",
57HLbw5C35P2CjpNJ9ALuS,Sun In Your Eyes,45,False,291026,Group Therapy,2011-07-04,Above & Beyond,10gzBoINW3cLJfZUka8Zoe,"3 ContributorsSun in Your Eyes LyricsAnd there are only a few things I miss
It's the sun in your eyes
It's the sun in your eyes
It's the sun in your eyes
And there are only a few things I miss"
58jTBCpkqF7iALAQZTupaG,90 Miles,21,False,223973,90 Miles,2020-03-19,MJ Cole,49GY4uPAwdlk5lSGtfKWYl,
69HimD6MqI9M2bw091hrzA,Shelter,34,False,231272,Shelter,2024-05-01,Omni Two,37WY7cWPXVj5jeeNKhWuD8,
7oR52pTFA101oebY83ZIRr,Morning's Wings,47,False,154283,The Heart of Man,2017-02-09,Tony Anderson,3aRscMJRah0QrvGE5rkvZl,
3qvnaMfZrMJ7JTJXg2MRyO,Chasing the Light,31,False,263500,Pacific Blue,2020-04-24,Nicholas Gunn,54EYfCxN1dGJKec029vO7S,
7MfDOqBGFFRpxhwm2fbpOa,Midnight,39,False,160000,Midnight,2024-12-06,"Crandon Park, Zazenkai","4LRsoQvvdoj9acCuulz9ah, 53SJovBw6wYRNkrqfccLLh",
0hCjFmHUi6BtJO6FjYgDYf,Solace,44,False,217426,SOLACE,2018-10-19,RÜFÜS DU SOL,5Pb27ujIyYb33zBqVysBkj,"7 ContributorsSolace LyricsHeard you're doing alright
I hope you're happy and I wish you well
It's been a minute since I called you
It's like you don't know me at all
Please, don't forget who I am when I'm gone
I hope that you remember me
I get that there was nothing that I could've done
But please don't forget my heart
Please don't forget my heart
Please, don't forget all the things that we've done
You'll always be a part of me
I get that you don't speak of me now that I'm gone
But please don't forget my heart
Please don't forget my heart
I hope, it's time for me to let you go
I hope that you remember me
I hope, it's time for me to let you go
I hope that you remember me"
6eXi3CnnrTF71cR6Yiq55u,Aeons - Tom Day Remix,22,False,320000,Aeons / Revisited,2019-09-30,"Ryan Davis, Tom Day","0AHClmU8AZuj9naaENhVrP, 74yueOpxONIcPCjGyF84jG",
6jMQg7zgscIPdMTshgM3RE,Biscayne Point,30,False,237623,Biscayne Point,2024-08-30,Miami Deco,0sCZDZ1GPiBo3Ei7qOXTNt,
1bqcDfcEHDQP7Q5AOUCnC5,It's All Over,24,False,250916,Anjunadeep pres. Reflections Vol. 1,2020-10-05,Qrion,0bGDTQ78MVgI5Snqo9KJZw,
7FfNhOoMkL6xTiH2IQs98u,The Time Is Now,28,False,308346,Constant,2022-06-02,Kollen,0Q62gC12BbmjuRQU1mJSAL,
5oyKxAiVQo0V1MIrhC8Qon,Not All Superheroes Wear Capes - Album Opening Mix,47,False,173750,Not All Superheroes Wear Capes,2016-09-30,Alex M.O.R.P.H.,478tAnskSff0wa0XxnpwmW,
6tMQhvzRemRw3tq6waMaes,Dream Universe - 16B Still Waters Symphony Mix,15,False,219196,Terra Firma EP Volume 3,2008-03-03,CM,2oB68SRUSHVXQ2sJkFkOTp,
71h9yTXPtsKijPdl305cMY,Already There - Evolution Mix,32,False,205730,Far From The Maddening Crowds (Evolution Mixes),2022-06-10,Chicane,5GxyeQagayzZOg4UwffQlD,
3NTQE2BPN8i2TQ7Y3UGg7Q,Casandra,18,False,208888,Casandra,2024-12-08,PuzzleWaves,4Ep6w8dKNjmbek2daRyn38,
6Ta0eEQqHVPH7qsedAKpQX,Everything (Acoustic),0,False,212533,Elements of Life,2007-04-09,"Tiësto, JES","2o5jDhtHVPhrJdv3cEQ99Z, 6UAyCjS0OPMd1Ham8bvs9g","2 ContributorsEverything (Acoustic Version) LyricsHow breathless I feel in your arms
How breathless you make me feel so
There's no one before in my eyes
I take what you give me
Everything sounds better
Everything looks brighter
Everything tastes better
Well everything we do feels better
(feels better)
Everything
Everything (x3)
(feels better)
Everything
(feels better)
I pray all this time in your arms
How restless I feel when you go
With only your life to surround me
I take what you give me
(I take what you give me)
(Give me)

Everything sounds better
Everything looks brighter
Everything tastes better
Everything we do
(feels better)
Everything sounds better (sounds better)
Everything looks brighter (looks brighter)
Everything tastes better (tastes better)
Everything feels better
Everything sounds better (sounds better)
(Everything)
Everything looks brighter (looks brighter)
(Everything)
Everything tastes better (tastes better)
Everything we do feels better (feels better)
Oh....
Everything
Everything you do
(feels better)
Everything
(feels better)
(Everything everything)
(feels better)
(feels better)"
6oDoN0p3hXIb4LLZ8MhKFj,Silhouette,34,False,213357,Erased Dreams,2022-07-11,"YOTTO, Sansa","5Dyfxq0ZrFjjeFBdSNxDbo, 5ghRItoYhcGjBtH8xSGCC9","2 ContributorsSilhouette LyricsSilhouette
Of yourself
Reverse
Never ends
Silhouette
Of yourself
Reverse
Never ends"
5K0kPszkKvh6yHEI3wiUCZ,To Heal,39,False,156373,Oblivion With Bells,2007,Underworld,1PXHzxRDiLnjqNrRn2Xbsa,
6kyCwo7QzDH9uKaVn1ujNU,Aeolis Mons I,26,False,166935,Contrast,2017-10-06,Matt Fax,1XgI1X3xjXCKRP1ZjhqgkV,3 ContributorsAeolis Mons I Lyrics
0INl5sXYVtUO15A87uaV5o,6 - Crandon Park Sunrise Edit,33,False,158400,6 (Crandon Park Sunrise Edit),2023-06-09,"Below Clouds, Miami Deco, Crandon Park","28Ml3ItdZ6mbi1q7X8hvfw, 0sCZDZ1GPiBo3Ei7qOXTNt, 4LRsoQvvdoj9acCuulz9ah",
2xXsld5k5GyXJhysitmFyE,Introducing - Pt. 2,40,False,243692,Introducing (Pt. 2),2024-03-08,Chill Advisor,2POmRsS3AGB7NAbw5QBqHj,
0qD7FNvGrdwtH3EaUnK2RY,Among Us,0,False,194676,Among Us,2022-01-07,Simon Wester,2qUycRIHExBVUPIoq6RUkO,
0ScX9yeeb1vKqe6SMdjlVw,Slow Wave,35,False,206520,Begin Again,2021-09-24,"Ben Böhmer, Gordi","5tDjiBYUsTqzd0RkTZxK7u, 6UBMFaCTZnL1Hr1nTOEblM","4 ContributorsSlow Wave LyricsAn apparition
Sight unseen
Shapeshifter
Looking like me
Rash impulse
Feel my pulse
Resistant
Like a defect in the system
I must be dreaming
I must be dreaming
I'm fading in real time
I'm fading
I'm fading
I must be dreaming
I must be dreaming
I'm fading in real time
Erratic
So savage
Take control
Am I being too dramatic?
Rash impulse
Feel my pulse
Resistant
Like a defect in the system

I must be dreaming
I must be dreaming
(Slow wave)
I'm fading in real time
I'm fading
I'm fading
I must be dreaming
I must be dreaming
(Slow wave)
I'm fading in real time
I'm fading in real time
I'm fading in real time"
2CorrGikGa0UGdYhk5fXV9,Sun Rays in the Morning,36,False,164571,Sun Rays in the Morning,2023-01-27,Zazenkai,53SJovBw6wYRNkrqfccLLh,
1g41Lw9Tz2ZkP6FPnkaqcU,Rain - FERR by Ferry Corsten Rework,6,False,250133,Rain (FERR by Ferry Corsten Rework),2021-04-02,"Armin van Buuren, Cathy Burton, FERR, Ferry Corsten","0SfsnGyD8FpIN4U4WCkBZ5, 34ejTUpXgcgk63yNgmOspG, 2wJ0jGmAcvU2tYsIvGXg4P, 2ohlvFf9PBsDELdRstPtlP",
12TB8aZXJ4GvdNpNVKmOKa,Grow - Submotion Orchestra Remix,19,False,191106,Café del Mar XXVI (Vol. 26),2020-09-18,"Kidnap, Leo Stannard, Submotion Orchestra","3PvqCbhNlq96JXxPszCMZT, 37fzXndf2fxVrk7qarhyo0, 3ceOFG1q86nQVpJliylpgA",
0ILN84NfB7sEvRQVBRCzdl,aurora,30,False,304390,aurora,2024-03-01,"Anita Tatlow, Cephas Azariah","4hjXUEgdALesVBGGDx1hKB, 2QgmTlO54CWmrzQyXLbtRG",
2D6fvSx63VITq0H2l8UhDO,Night,42,False,171851,Night,2024-02-23,"Zazenkai, Crandon Park","53SJovBw6wYRNkrqfccLLh, 4LRsoQvvdoj9acCuulz9ah",
10kmA6VEQ73RCvpdMFneNC,Silhouettes,21,False,135977,A Radiant Sign,2022-09-02,Nils Hoffmann,6sOEMfvCfHQ9dhSWyamXVb,
2bcVfVRWJF188wt0gxVsjk,Commuting,47,False,165642,Commuting,2023-11-03,Zazenkai,53SJovBw6wYRNkrqfccLLh,
3xdBf2Z8lPcTlL1MSotfbB,Cream - Chilled,0,False,420241,Cream (All Mixes),1999,Blank & Jones,2XTff332rrZaE1rBM47Krp,
0goUTUahGigx49KikpQSDX,Night Lights,36,False,184367,Anjunadeep pres. Reflections Vol. 2,2021-01-13,Croquet Club,6Fn7vKaPgzA6AAIb7EhhV6,
4EMQlZAeSNt31mi7T9fqy1,Yellowstone,46,False,163642,Yellowstone,2023-02-03,Chill Advisor,2POmRsS3AGB7NAbw5QBqHj,
6OycT1jW0kPxMP1KOe7cCZ,Beachbreak,32,False,228816,Trance Wax,2020-11-06,Trance Wax,28Rn5KfDspTUHLpPfPF8EE,
0h33Pim8JPOSy7yPmgb2fU,Offshore - Evolution Mix,7,False,226225,Offshore (Evolution Mixes),2022-05-27,Chicane,5GxyeQagayzZOg4UwffQlD,
54H5Ar3fBTxrIuXTQbMdgc,Awakening,44,False,213333,Awakening,2022-07-06,"Zazenkai, Below Clouds","53SJovBw6wYRNkrqfccLLh, 28Ml3ItdZ6mbi1q7X8hvfw",
3MWw9HizRGMX1ctwIAWPXv,Red Moon,40,False,91125,Red Moon,2024-12-20,Chill Advisor,2POmRsS3AGB7NAbw5QBqHj,
3mwiRgx9wqA8rYw9ZRmvxT,Embarking On The Celestial Pilgrimage,0,False,273500,Journey Of The Velvet Adorned Nomad,2018-09-07,Allay,0F2Pfmd8XUnyBD5dYt3ji8,
5gv2sCiqFjx1ZLgmwsQfje,Panser and the Lack Thereof,21,False,232400,The Things We've Said and Done,2023-09-15,Infralyd,4WS6uSHup6OHumoGYXKcAt,
6IAIalF9WWYQnHf7YzdkDY,Freedom!,33,False,235977,Freedom!,2023-03-31,Zazenkai,53SJovBw6wYRNkrqfccLLh,
7FxRGe9SSa1pqJoIkNX7kO,Halo,33,False,230714,Nuit,2021-03-26,Tony Anderson,3aRscMJRah0QrvGE5rkvZl,
14KYz59i3qADjQJdNcnqkw,7,34,False,233739,7,2024-05-17,Below Clouds,28Ml3ItdZ6mbi1q7X8hvfw,
0ExCyxehX4OUKfEdUEF93g,For an Angel - Escape Mix,37,False,276313,Escape Reality,2020-04-17,Paul van Dyk,7wU1naftD3lNq7rNsiDvOR,
6FiHOVAkbHLug7mVZhrvc2,Nightwhisper - Chill Mix,31,False,240647,Anjunadeep pres. Reflections Vol. 3,2021-07-09,"Jody Wisternoff, James Grant","5gTVJRQmuS88nOhhdHqErL, 45fFrwMq6sPP5P4k1qqFi7",
1GOqp37rfWyCwXLJw5pa9p,A Morning In Miami Beach,28,False,183284,A Morning In Miami Beach,2022-06-17,Miami Deco,0sCZDZ1GPiBo3Ei7qOXTNt,
7LuSRILK7hHMk6bUX2gcfF,limerence,46,False,116990,limerence,2024-09-20,Øneheart,0dgJbQ0bKPyUXco8hEXN7X,
7vkP7hJUN3sfFALLfHNJ3g,Montana 23,29,False,122352,Montana 23,2023-02-03,Crandon Park,4LRsoQvvdoj9acCuulz9ah,
3R8xXzELkSgU3LJz1SVsJ2,We Control The Sunlight - Chill Out Mix,17,False,206803,The Chill Out,2015-03-20,"Aly & Fila, Jwaydan","2hL1EouqXLtBEB6JKnPF0h, 5Ft69LRmkksL2qyqsQ9XXp",
7LtDhYdvRRPdgFQAgh7k5R,Beirut,31,False,203791,Beirut,2022-07-08,"Martin Grotzke, Crandon Park","7eGZSIVdHDp2MSpEoPn1xO, 4LRsoQvvdoj9acCuulz9ah",
2BQumoDJ69NtGTlTglh9io,Everything We Had to Leave Behind,3,False,287266,Everything We Had to Leave Behind,2020-11-06,"Chicane, Joseph Aquilina","5GxyeQagayzZOg4UwffQlD, 4esjiORCyHrifTSah3kTMV",
2aJDlirz6v2a4HREki98cP,Glue,74,False,269149,Bicep,2017-09-01,BICEP,73A3bLnfnz5BoQjb4gNCga,"17 ContributorsGlue LyricsWhen I'm alone
When I'm alone
When I'm alone
When I'm alone
When I'm alone
When I'm alone"
6tyGJ7IYwU4UKrFncDOGgY,Rush,8,False,296489,Rush,2021-10-29,Eelke Kleijn,1FY8kqUQKHwjibwLbp5cey,
4dKl6OWPu1bioV2Qd5ZhlS,Set Me Free - Crandon Park Sunrise Edit,14,False,194215,Set Me Free (Crandon Park Sunrise Edit),2024-06-14,"Zemyu, Michele Boehme, Crandon Park","2tVbTOwMJMnXrlEIih1aYO, 554lyaGfCxMZloW4DwJjnD, 4LRsoQvvdoj9acCuulz9ah",
0LGsXcmfKCXKuEuuj5iFiq,The OA,23,False,212000,The OA,2023-01-06,Ronins Musik,5nri8PwNbqHAfawggVsVol,
0wrutF2Svuprj6yTAJkJtw,Saltwater - The Thrillseekers Remix,14,False,415240,Behind The Sun,2000-03-27,"Chicane, Moya Brennan, The Thrillseekers","5GxyeQagayzZOg4UwffQlD, 3ZvmmlF8EMEpnnK90jfuJv, 1RYDKWzJnJtbTPYNsDswD5",
5OCkoKzR1owwhpRLA0Fwm9,March - Kasiedeo Re-Work,26,False,365714,March (Kasiedeo Re-Work),2022-03-11,"Zazenkai, Chill Advisor, Crandon Park, Kasiedeo","53SJovBw6wYRNkrqfccLLh, 2POmRsS3AGB7NAbw5QBqHj, 4LRsoQvvdoj9acCuulz9ah, 2fIouconWmMk7J1ajs9fmp",
5l4P0IGXoPRJLmSPxy2qYL,Under Trees,29,False,214873,Erased Dreams,2022-07-11,YOTTO,5Dyfxq0ZrFjjeFBdSNxDbo,
69oCoOSpFNOyvpGFPwGK2E,Self-Reflection,37,False,290455,Self-Reflection,2023-07-28,Zazenkai,53SJovBw6wYRNkrqfccLLh,
06zJb6sBMjt3AKahfKSeGa,Charleston,40,False,233382,Charleston,2024-05-03,Crandon Park,4LRsoQvvdoj9acCuulz9ah,
0zXURa7mf785WuGUbhGD7c,Cambodia - Ross Lara Remix,29,False,318095,Nuit,2021-03-26,"Tony Anderson, Eyra Moon, Ross Lara","3aRscMJRah0QrvGE5rkvZl, 3OCslSVcfVrGTcOiOrKEC6, 70hn8OJKwGZVs5hAGdPkyq",
77yzqWjaL3mLWFbOTnhDkL,Menagerie,50,False,232000,Aquarium,2019-05-28,Baraka,4HOFHQ9Y5Q1E8KKjnjkA0O,
2SfKwVhhRH5eS0ysvKSNN2,Ibiza - Suéltalo,10,False,328983,Ibiza (Suéltalo),2022-08-31,Chris Coco,7iFBCM9EuHMsWytEVnplIP,
3KEPHUtriduep3qVyUmkcE,Silence - feat. Sarah McLachlan,0,False,428120,Odyssey: The Remix Collection,2001,Delerium,0IUq1plF3ON4Fboj1bE6kN,
7GWOSGPxmPaqPckJzBOg56,"Miami Beach, FL",28,False,186352,"Miami Beach, FL",2022-03-18,"Martin Grotzke, Miami Deco","7eGZSIVdHDp2MSpEoPn1xO, 0sCZDZ1GPiBo3Ei7qOXTNt",
6d3aFTNTHo4LppNsZHxoVJ,Off,35,False,179133,Off,2022-10-07,Crandon Park,4LRsoQvvdoj9acCuulz9ah,
2e2heYBbXWRsDsUtTIVIaF,As The Rush Comes - Gabriel & Dresden Chillout Mix,0,False,381000,As The Rush Comes,2005-01-01,"Motorcycle, Gabriel & Dresden","7DZ9xBelM79Mlk3Weia4oD, 64KfnYe81Wld2AkG4bkGIV",
3jOZEvgu6UoEp77kzJjfHS,And Then You Came,44,False,287541,As Above So Below (Deluxe Version),2020-12-04,"FERR, Ferry Corsten, Maria Marcus","2wJ0jGmAcvU2tYsIvGXg4P, 2ohlvFf9PBsDELdRstPtlP, 3TFBKKjm1zzgBCOQi2SEGY",
16ORWMoiCqJJsIak70imW1,Mirage,21,False,171869,Mirage,2024-10-04,Baraka,4HOFHQ9Y5Q1E8KKjnjkA0O,
2Q5Cdz9Q6zSgNnZhmzvKfu,Brandenwürttemberg,28,False,202125,Brandenwürttemberg,2022-05-27,Chill Advisor,2POmRsS3AGB7NAbw5QBqHj,
68ZH508jTf6uYXKs3uZ1L7,A Morning Walk,28,False,256000,A Morning Walk,2022-03-04,Crandon Park,4LRsoQvvdoj9acCuulz9ah,
1EicIltT8Nr9wPKNycgL36,24 Hours Before - Balearic Sunset Mix,22,False,207324,24 Hours Before,2023-08-04,"Zemyu, Martin Eigenberg","2tVbTOwMJMnXrlEIih1aYO, 23J5hZ2N7m0UpmdziiYAc2",
0vL39MXhqu9JAixlCjlbfT,MCMLXXX - IV,32,False,202500,MCMLXXX - IV,2023-03-10,"Martin Eigenberg, Crandon Park","23J5hZ2N7m0UpmdziiYAc2, 4LRsoQvvdoj9acCuulz9ah",
12o3BWl12ywORFkGwyumq4,Morning U,38,False,203671,Nightwhisper,2020-05-01,Jody Wisternoff,5gTVJRQmuS88nOhhdHqErL,
7KvOV30zPob5fTFeSrgBAv,This World Is So Amazing,0,False,269256,Traveller,2016-07-08,"YORK, Rank 1, Lola","20L5MecnuNujUE6imrfK0Q, 1eQe86RbDKRIiGZk08r9YJ, 4dIkKOv2HxJImbUkUyUKba",
0nGoOrfS85zzbLDervmW15,Ocean,13,False,246479,Ocean,2024-08-23,"Oine, Thomas Lemmer, ROO J","3BnZE8V5fUS3QFE5mGSDGr, 01Ix2zdjR4PQ2eYMpclD9d, 5zFu0WCNyyhIhuU7jKCvfN",
1tqntFWYFlbBuXpAVt2p0m,Current,46,False,350974,Caught a Black Rabbit,2020-11-27,Phoria,0HDxlFsXwyrpufs4YgTNMm,
0HkqBi1na692hJl5nrTDit,restless,34,False,157500,restless,2023-07-25,"Øneheart, Kazukii","0dgJbQ0bKPyUXco8hEXN7X, 5d07MpiIaNmmEMTq79KAga",
4h7MUPSpXHaVtMUNihMgPU,Rituals,29,False,189461,Reflections 01,2022-05-23,Sleep Surgeon,5Miv6SXEFSeNVMot3CQPoq,
6858rnMLUGwJaunVnvYCqW,Breeze,39,False,224000,Breeze,2022-02-04,"Zazenkai, Chill Advisor","53SJovBw6wYRNkrqfccLLh, 2POmRsS3AGB7NAbw5QBqHj",
3vM7pu2T1rSdUyFM7qyULV,The Beach - Beatless,25,False,241881,Beatless EP,2022-12-30,Blank & Jones,2XTff332rrZaE1rBM47Krp,
1IGS9j7d1DQxZ30yZFbZyf,Beautiful Mind,18,False,292000,Beautiful Mind,2021-12-17,Nicholas Gunn,54EYfCxN1dGJKec029vO7S,
6LOEGV4WY6gNry6REo1XHO,A Day In Miami Beach,36,False,162166,A Day In Miami Beach,2024-04-26,Miami Deco,0sCZDZ1GPiBo3Ei7qOXTNt,
1CMnN99DTBeoWXtpNaLB2x,Feel Like - Crandon Park Sunrise Edit,27,False,212749,Feel Like (Crandon Park Sunrise Edit),2025-03-07,"Zemyu, Nimiwari, Crandon Park","2tVbTOwMJMnXrlEIih1aYO, 3Ak0NSTsGJxdRgizC4GseU, 4LRsoQvvdoj9acCuulz9ah",
7qq1ziqnW47YMXPXjZLbhl,A Place For Everything,35,False,171000,A Place For Everything,2020-08-21,A.M.R,1VYDrE9BSCRxSX8VHVJZNc,
0FmRg5WRovLobLLeUiMXwo,Night Walk,31,False,283267,Erased Dreams,2022-07-11,YOTTO,5Dyfxq0ZrFjjeFBdSNxDbo,
1aqMPbujmyYY5sFz4mlBiZ,Burned with Desire - Chill out Mix,19,False,152880,Relaxed,2020-05-29,"Armin van Buuren, Justine Suissa","0SfsnGyD8FpIN4U4WCkBZ5, 6UKSvQC8EQZUOKtUaj5uCj",
4WLfTLxuKcLH88ljTCsoJz,Into the Light,23,False,306954,Into the Light,2022-06-24,Crandon Park,4LRsoQvvdoj9acCuulz9ah,
3pLlcz1uuEqas5TkVzGiRe,Awaken - Alternate Version,19,False,393333,Awaken (Alternate Version),2023-12-13,Alex Baker,0U6Adu2ODsqB9urN7BslVo,
1HzYnZssO30VTsI318es3Z,8,30,False,222608,8,2024-09-13,Below Clouds,28Ml3ItdZ6mbi1q7X8hvfw,
2UFxkZY89nGm83lcIUDl9B,Café del Mar - Michael Woods Remix Radio Edit,27,False,240948,Café Del Mar (The Anthems Edits),2013-12-31,"Energy 52, Michael Woods","0sElgscu7tp38PM1MtsUz7, 3G1QoWkaZ1CUnTLUb0CqtC",
7bqH0Gedklz5J6OJkuFv6X,Dreamer,16,False,154666,Dreamer,2024-07-04,Omni Two,37WY7cWPXVj5jeeNKhWuD8,
46pEhdhrG8ehyMcr5u0z62,Retreat,32,False,266500,Retreat,2024-03-01,"Martin Grotzke, Below Clouds","7eGZSIVdHDp2MSpEoPn1xO, 28Ml3ItdZ6mbi1q7X8hvfw",
1GzNJTAhYDIjN1WXJlXPBM,Whirl,42,False,290117,Wirbel,2023-07-21,"Janus Rasmussen, David Bergmüller","0F2fFVawIwHt6W9az6SPaA, 3ft977utbcwtn9thhB5JGw",
61fDVUg0y5xMtHqU2EGigy,Somewhere,28,False,240000,Somewhere,2018-08-18,"Anna B May, Wane of Summer","4f8xftSwQg3zaESuOElGVG, 2CVoWXSNmAOFn2GkO0oXcq",
3hiAXk9rqrlY5GGkgvmQIn,Skyer - Revisited,33,False,224000,Skyer (Revisited),2019-12-06,Lauge,72Syhg4FIEracKDa3yumQY,
0u4anDrgR9zyq3XUXiPjId,Bliss,26,False,234765,Tiefgang,2023-03-31,Sine,5R1ovoPm5UcRJXRdyacN13,
5cpGOrHayIbYisR22I5YN5,In One Ear & Out the Other,16,False,215433,Nevertheless,2023-06-09,Chicane,5GxyeQagayzZOg4UwffQlD,
4ywbFGrSZDMudkR4dcM1SL,Unfold,30,False,243692,Unfold,2024-11-22,Michael FK,4Ppqyb0QJec1QNtK0VuuA3,
0rHKGQbfWeMVXmk3SDjwbl,North Beach Oceanside Park,32,False,168000,North Beach Oceanside Park,2022-12-16,Miami Deco,0sCZDZ1GPiBo3Ei7qOXTNt,
7zTVmCEu64PlihJsczoa8j,Restoration,12,False,274666,Restoration,2024-08-28,Omni Two,37WY7cWPXVj5jeeNKhWuD8,
2DcJgbkcus5G7TrJZZwsuh,Homecoming,37,False,98133,Flow State,2019-07-19,Above & Beyond,10gzBoINW3cLJfZUka8Zoe,
2daJNTleEs6jbmOUQGO3vZ,Clarity,22,False,141882,Clarity,2022-02-11,Lightseeds,6OGtOD61GQjlbDhhjJ5ZgC,
6CNg6irkoF2QZfXRF3Zvdu,Savannah,19,False,169140,Savannah,2025-02-21,Crandon Park,4LRsoQvvdoj9acCuulz9ah,
02ht7aTttJ0zbbHQh6jKlL,Time Capsule,37,False,190528,Time Capsule,2020-01-29,Nick Beman,7ow15x0a0qAhy4ZK6xJKGx,
6buqckfc1DYyuieRyaUpYe,Is,40,False,185915,Is,2025-03-07,Ambjientalni & Atmósfaira,3igJrqNVXsWqUGlXyQAHCu,
1IHSlVXXLQOXvCLky1dDm3,Under the Milky Way,40,False,202666,Under the Milky Way,2025-02-07,Kasiedeo,2fIouconWmMk7J1ajs9fmp,
0EIiADMaz2jRbiA8mLwwpq,Finally Quiet,33,False,203520,Finally Quiet,2024-05-24,Martin Grotzke,7eGZSIVdHDp2MSpEoPn1xO,
5YKYsqplFehzWHRsgqEDOA,The White Island - Crandon Park Sunrise Re-Work,28,False,92307,The White Island (Crandon Park Sunrise Re-Work),2022-02-18,"Chill Advisor, Crandon Park","2POmRsS3AGB7NAbw5QBqHj, 4LRsoQvvdoj9acCuulz9ah",
4XUOgHBPqQ0s7NW9NDdwkf,Secret Crete,18,False,244285,Secret Crete,2025-04-04,Chill Advisor,2POmRsS3AGB7NAbw5QBqHj,
